SEARCHVAL,BLK_NO,ROAD_NAME,BUILDING,ADDRESS,POSTAL,X,Y,LATITUDE,LONGITUDE
ABI PLAZA,11,KEPPEL ROAD,ABI PLAZA,11 KEPPEL ROAD ABI PLAZA SINGAPORE 089057,089057,29063.12046674825,28399.65443602018,1.273110870704051,103.8428710952676
ABC BRICKWORKS MARKET & FOOD CENTRE,6,JALAN BUKIT MERAH,ABC BRICKWORKS MARKET & FOOD CENTRE,6 JALAN BUKIT MERAH ABC BRICKWORKS MARKET & FOOD CENTRE SINGAPORE 150006,150006,25196.86438636668,29922.51415260695,1.286882972614765,103.8081312741608
ABM BUILDING,20,JALAN KILANG,ABM BUILDING,20 JALAN KILANG ABM BUILDING SINGAPORE 159418,159418,25256.21893386077,29799.52661758475,1.285770721866253,103.8086646093795
ABC HOSTEL,3,JALAN KUBOR,ABC HOSTEL,3 JALAN KUBOR ABC HOSTEL SINGAPORE 199201,199201,30890.66215682682,31780.07111900859,1.303682055263236,103.8592925166575
ABC HOSTEL,3A,JALAN KUBOR,ABC HOSTEL,3A JALAN KUBOR ABC HOSTEL SINGAPORE 199201,199201,30890.6621870948,31780.0710887406,1.3036820549895,103.8592925169295
ABC HOSTEL,3B,JALAN KUBOR,ABC HOSTEL,3B JALAN KUBOR ABC HOSTEL SINGAPORE 199201,199201,30890.6621870948,31780.0710887406,1.3036820549895,103.8592925169295
ABC HOSTEL,3C,JALAN KUBOR,ABC HOSTEL,3C JALAN KUBOR ABC HOSTEL SINGAPORE 199201,199201,30890.6621870948,31780.0710887406,1.3036820549895,103.8592925169295
ABC HOSTEL,7,JALAN KUBOR,ABC HOSTEL,7 JALAN KUBOR ABC HOSTEL SINGAPORE 199205,199205,30884.5978754852,31789.0366773922,1.303763137171622,103.8592380271152
ABC HOSTEL,7A,JALAN KUBOR,ABC HOSTEL,7A JALAN KUBOR ABC HOSTEL SINGAPORE 199205,199205,30884.53219396062,31788.95979671367,1.303762441896028,103.8592374369292
ABC HOSTEL,7B,JALAN KUBOR,ABC HOSTEL,7B JALAN KUBOR ABC HOSTEL SINGAPORE 199205,199205,30884.53219396062,31788.95979671367,1.303762441896028,103.8592374369292
ABC HOSTEL,7C,JALAN KUBOR,ABC HOSTEL,7C JALAN KUBOR ABC HOSTEL SINGAPORE 199205,199205,30884.53219396062,31788.95979671367,1.303762441896028,103.8592374369292
ADAMSON LODGE,7,PERAK ROAD,ADAMSON LODGE,7 PERAK ROAD ADAMSON LODGE SINGAPORE 208128,208128,30190.09217879549,31873.05666535348,1.304523041129477,103.8529975779532
ADAMSON LODGE,7A,PERAK ROAD,ADAMSON LODGE,7A PERAK ROAD ADAMSON LODGE SINGAPORE 208128,208128,30190.09220906347,31873.05669562146,1.304523041403207,103.8529975782252
ABDULLAH SHOOKER JEWISH WELFARE HOME,81,WILKIE ROAD,ABDULLAH SHOOKER JEWISH WELFARE HOME,81 WILKIE ROAD ABDULLAH SHOOKER JEWISH WELFARE HOME SINGAPORE 228080,228080,29544.83881762251,31691.09493032098,1.302877482213851,103.847199666966
ABELIA,2A,ARDMORE PARK,ABELIA,2A ARDMORE PARK ABELIA SINGAPORE 259948,259948,27412.8436773289,32442.00395528786,1.309668471576647,103.828042695173
ADAM FOOD CENTRE,2,ADAM ROAD,ADAM FOOD CENTRE,2 ADAM ROAD ADAM FOOD CENTRE SINGAPORE 289876,289876,25868.50171331875,34044.39404007979,1.324159852595583,103.8141659241357
ADAM PLACE APARTMENT,5,ADAM ROAD,ADAM PLACE APARTMENT,5 ADAM ROAD ADAM PLACE APARTMENT SINGAPORE 289880,289880,25741.14672012161,34161.94111690484,1.325222897537494,103.8130215626287
ADAM PLACE APARTMENT,5B,ADAM ROAD,ADAM PLACE APARTMENT,5B ADAM ROAD ADAM PLACE APARTMENT SINGAPORE 289882,289882,25702.00631260499,34151.73720450141,1.325130614042615,103.8126698657122
ADAM PLACE APARTMENT,5C,ADAM ROAD,ADAM PLACE APARTMENT,5C ADAM ROAD ADAM PLACE APARTMENT SINGAPORE 289883,289883,25702.00631260499,34151.73720450141,1.325130614042615,103.8126698657122
ADAM PLACE APARTMENT,5D,ADAM ROAD,ADAM PLACE APARTMENT,5D ADAM ROAD ADAM PLACE APARTMENT SINGAPORE 289884,289884,25702.00631260499,34151.73720450141,1.325130614042615,103.8126698657122
ADAM GREEN,7,ADAM ROAD,ADAM GREEN,7 ADAM ROAD ADAM GREEN SINGAPORE 289885,289885,25769.33798720781,34160.28633596748,1.325207934362363,103.813274876496
ADAM ROAD PRESBYTERIAN CENTRE,25,ADAM ROAD,ADAM ROAD PRESBYTERIAN CENTRE,25 ADAM ROAD ADAM ROAD PRESBYTERIAN CENTRE SINGAPORE 289894,289894,25776.35265296977,34425.78047201224,1.327608969738585,103.8133378877809
ADAM PARK CONDOMINIUM,27,ADAM ROAD,ADAM PARK CONDOMINIUM,27 ADAM ROAD ADAM PARK CONDOMINIUM SINGAPORE 289895,289895,25773.73168772366,34451.68835267425,1.327843271234074,103.8133143350865
ADAM PARK CONDOMINIUM,27A,ADAM ROAD,ADAM PARK CONDOMINIUM,27A ADAM ROAD ADAM PARK CONDOMINIUM SINGAPORE 289900,289900,25782.77427812759,34473.98290197738,1.328044895894128,103.8133955861108
ADAM PARK CONDOMINIUM,29,ADAM ROAD,ADAM PARK CONDOMINIUM,29 ADAM ROAD ADAM PARK CONDOMINIUM SINGAPORE 289901,289901,25690.53665365931,34478.43692658469,1.328085169645864,103.8125667800088
ADAM PARK CONDOMINIUM,29A,ADAM ROAD,ADAM PARK CONDOMINIUM,29A ADAM ROAD ADAM PARK CONDOMINIUM SINGAPORE 289902,289902,25711.05765045527,34512.30141266435,1.328391429601301,103.8127511699157
ADAM PARK CONDOMINIUM,29B,ADAM ROAD,ADAM PARK CONDOMINIUM,29B ADAM ROAD ADAM PARK CONDOMINIUM SINGAPORE 289903,289903,25720.26220483985,34463.36477221735,1.327948864669984,103.8128338815554
ADRIA,12,DERBYSHIRE ROAD,ADRIA,12 DERBYSHIRE ROAD ADRIA SINGAPORE 309466,309466,29440.09352397453,33191.47055949084,1.316446354954906,103.8462585518234
ADVANCE BUILDING,19,BURN ROAD,ADVANCE BUILDING,19 BURN ROAD ADVANCE BUILDING SINGAPORE 369974,369974,33671.42244056799,35319.39980153181,1.335690096338609,103.8842795811759
ABSOLUTE MAINTENANCE BUILDING,13,KAKI BUKIT PLACE,ABSOLUTE MAINTENANCE BUILDING,13 KAKI BUKIT PLACE ABSOLUTE MAINTENANCE BUILDING SINGAPORE 416191,416191,35865.86097609438,35264.78352528065,1.335195675537099,103.9039978544967
ABV INDUSTRIAL BUILDING,29,CHANGI SOUTH AVENUE 2,ABV INDUSTRIAL BUILDING,29 CHANGI SOUTH AVENUE 2 ABV INDUSTRIAL BUILDING SINGAPORE 486444,486444,43119.47170615382,34877.82551424578,1.331693419707152,103.969175424772
ADVANCED DISPLAY PARK,10,TAMPINES INDUSTRIAL AVENUE 3,ADVANCED DISPLAY PARK,10 TAMPINES INDUSTRIAL AVENUE 3 ADVANCED DISPLAY PARK SINGAPORE 528798,528798,38725.53703663033,38051.02131523192,1.360392505443013,103.9296946544473
ADANA @ THOMSON,8,OLD UPPER THOMSON ROAD,ADANA @ THOMSON,8 OLD UPPER THOMSON ROAD ADANA @ THOMSON SINGAPORE 573868,573868,27370.04166101851,39064.18758779764,1.369557149179187,103.8276579605288
ADANA @ THOMSON,10,OLD UPPER THOMSON ROAD,ADANA @ THOMSON,10 OLD UPPER THOMSON ROAD ADANA @ THOMSON SINGAPORE 573869,573869,27392.79250017554,39059.76479974762,1.369517151541987,103.8278623928932
ADANA @ THOMSON,12,OLD UPPER THOMSON ROAD,ADANA @ THOMSON,12 OLD UPPER THOMSON ROAD ADANA @ THOMSON SINGAPORE 573870,573870,27416.49069695547,39055.44858526997,1.369478117719334,103.8280753379225
ADELPHI PARK ESTATE,1,ORCHID DRIVE,ADELPHI PARK ESTATE,1 ORCHID DRIVE ADELPHI PARK ESTATE SINGAPORE 576157,576157,27563.76341576595,37394.88401086628,1.354460566346064,103.8293987110836
ADELPHI PARK ESTATE,2,ORCHID DRIVE,ADELPHI PARK ESTATE,2 ORCHID DRIVE ADELPHI PARK ESTATE SINGAPORE 576158,576158,27585.8253556136,37426.82687346265,1.354749446539436,103.8295969514375
ADELPHI PARK ESTATE,3,ORCHID DRIVE,ADELPHI PARK ESTATE,3 ORCHID DRIVE ADELPHI PARK ESTATE SINGAPORE 576159,576159,27557.25616248231,37412.88637846895,1.354623373253617,103.8293402389383
ADELPHI PARK ESTATE,4,ORCHID DRIVE,ADELPHI PARK ESTATE,4 ORCHID DRIVE ADELPHI PARK ESTATE SINGAPORE 576160,576160,27578.09748535044,37442.71620285511,1.354893143868837,103.8295275112933
ADELPHI PARK ESTATE,5,ORCHID DRIVE,ADELPHI PARK ESTATE,5 ORCHID DRIVE ADELPHI PARK ESTATE SINGAPORE 576161,576161,27551.16494263522,37425.95179578476,1.354741532145032,103.8292855051892
ADELPHI PARK ESTATE,6,ORCHID DRIVE,ADELPHI PARK ESTATE,6 ORCHID DRIVE ADELPHI PARK ESTATE SINGAPORE 576162,576162,27569.39704423491,37458.22152233683,1.355033368333044,103.8294493319664
ADELPHI PARK ESTATE,7,ORCHID DRIVE,ADELPHI PARK ESTATE,7 ORCHID DRIVE ADELPHI PARK ESTATE SINGAPORE 576163,576163,27541.95509135351,37441.85713694058,1.354885374247284,103.8292027484666
ADELPHI PARK ESTATE,8,ORCHID DRIVE,ADELPHI PARK ESTATE,8 ORCHID DRIVE ADELPHI PARK ESTATE SINGAPORE 576164,576164,27561.34996781591,37468.81819209643,1.355129200723785,103.8293770236085
ADELPHI PARK ESTATE,9,ORCHID DRIVE,ADELPHI PARK ESTATE,9 ORCHID DRIVE ADELPHI PARK ESTATE SINGAPORE 576165,576165,27534.22782645002,37452.67857674696,1.354983239376013,103.8291333138138
ADELPHI PARK ESTATE,10,ORCHID DRIVE,ADELPHI PARK ESTATE,10 ORCHID DRIVE ADELPHI PARK ESTATE SINGAPORE 576166,576166,27548.71589953639,37483.79006863385,1.355264600855223,103.8292634980778
ADELPHI PARK ESTATE,11,ORCHID DRIVE,ADELPHI PARK ESTATE,11 ORCHID DRIVE ADELPHI PARK ESTATE SINGAPORE 576167,576167,27521.28469178919,37467.29280678928,1.355115405063558,103.8290170111201
ADELPHI PARK ESTATE,12,ORCHID DRIVE,ADELPHI PARK ESTATE,12 ORCHID DRIVE ADELPHI PARK ESTATE SINGAPORE 576168,576168,27534.32955714315,37498.90556675568,1.355401299816166,103.8291342272101
ADELPHI PARK ESTATE,14,ORCHID DRIVE,ADELPHI PARK ESTATE,14 ORCHID DRIVE ADELPHI PARK ESTATE SINGAPORE 576169,576169,27513.62338082213,37510.4972964786,1.355506130960485,103.8289481685655
ADELPHI PARK ESTATE,15,ORCHID DRIVE,ADELPHI PARK ESTATE,15 ORCHID DRIVE ADELPHI PARK ESTATE SINGAPORE 576170,576170,27505.84562892281,37481.84692461602,1.355247027070418,103.8288782808786
ADELPHI PARK ESTATE,16,ORCHID DRIVE,ADELPHI PARK ESTATE,16 ORCHID DRIVE ADELPHI PARK ESTATE SINGAPORE 576171,576171,27500.30679977778,37523.27077909186,1.355621649567833,103.8288285102086
ADELPHI PARK ESTATE,17,ORCHID DRIVE,ADELPHI PARK ESTATE,17 ORCHID DRIVE ADELPHI PARK ESTATE SINGAPORE 576172,576172,27489.19239615742,37493.48641721904,1.35535229021552,103.828728640566
ADELPHI PARK ESTATE,18,ORCHID DRIVE,ADELPHI PARK ESTATE,18 ORCHID DRIVE ADELPHI PARK ESTATE SINGAPORE 576173,576173,27480.8844399862,37532.98265515082,1.355709479983554,103.8286539874944
ADELPHI PARK ESTATE,19,ORCHID DRIVE,ADELPHI PARK ESTATE,19 ORCHID DRIVE ADELPHI PARK ESTATE SINGAPORE 576174,576174,27468.84301882796,37503.2403657753,1.355440501096377,103.8285457880115
ADELPHI PARK ESTATE,20,ORCHID DRIVE,ADELPHI PARK ESTATE,20 ORCHID DRIVE ADELPHI PARK ESTATE SINGAPORE 576175,576175,27459.33221298456,37537.83885045908,1.355753397300228,103.8284603266108
ADELPHI PARK ESTATE,21,ORCHID DRIVE,ADELPHI PARK ESTATE,21 ORCHID DRIVE ADELPHI PARK ESTATE SINGAPORE 576176,576176,27445.9229513742,37506.8865984343,1.355473475907685,103.8283398362336
ADELPHI PARK ESTATE,22,ORCHID DRIVE,ADELPHI PARK ESTATE,22 ORCHID DRIVE ADELPHI PARK ESTATE SINGAPORE 576177,576177,27439.38869904913,37536.8165493086,1.355744151603051,103.8282811211656
ADELPHI PARK ESTATE,23,ORCHID DRIVE,ADELPHI PARK ESTATE,23 ORCHID DRIVE ADELPHI PARK ESTATE SINGAPORE 576178,576178,27424.02899883594,37505.67061245628,1.355462478547245,103.8281431048538
ADELPHI PARK ESTATE,25,ORCHID DRIVE,ADELPHI PARK ESTATE,25 ORCHID DRIVE ADELPHI PARK ESTATE SINGAPORE 576179,576179,27404.05427860934,37497.4668386858,1.355388286144699,103.8279636191655
ADELPHI PARK ESTATE,1,MARIGOLD DRIVE,ADELPHI PARK ESTATE,1 MARIGOLD DRIVE ADELPHI PARK ESTATE SINGAPORE 576383,576383,27564.75729527883,37270.71466241963,1.353337622971265,103.82940764354
ADELPHI PARK ESTATE,3,MARIGOLD DRIVE,ADELPHI PARK ESTATE,3 MARIGOLD DRIVE ADELPHI PARK ESTATE SINGAPORE 576384,576384,27546.34752061404,37276.54515385441,1.353390351585571,103.8292422197973
ADELPHI PARK ESTATE,5,MARIGOLD DRIVE,ADELPHI PARK ESTATE,5 MARIGOLD DRIVE ADELPHI PARK ESTATE SINGAPORE 576395,576395,27528.98507872224,37281.56945754401,1.353435789330048,103.8290862070185
ADELPHI PARK ESTATE,7,MARIGOLD DRIVE,ADELPHI PARK ESTATE,7 MARIGOLD DRIVE ADELPHI PARK ESTATE SINGAPORE 576406,576406,27511.39193425886,37289.19647488371,1.353504765076486,103.8289281211806
ADELPHI PARK ESTATE,8,MARIGOLD DRIVE,ADELPHI PARK ESTATE,8 MARIGOLD DRIVE ADELPHI PARK ESTATE SINGAPORE 576407,576407,27606.6011180291,37376.48507213965,1.354294173491993,103.8297836357826
ADELPHI PARK ESTATE,8A,MARIGOLD DRIVE,ADELPHI PARK ESTATE,8A MARIGOLD DRIVE ADELPHI PARK ESTATE SINGAPORE 576408,576408,27601.45586347673,37371.33031344041,1.354247555620697,103.829737402415
ADELPHI PARK ESTATE,9,MARIGOLD DRIVE,ADELPHI PARK ESTATE,9 MARIGOLD DRIVE ADELPHI PARK ESTATE SINGAPORE 576409,576409,27494.00188796595,37295.92686374299,1.353565632027103,103.8287718603165
ADELPHI PARK ESTATE,10,MARIGOLD DRIVE,ADELPHI PARK ESTATE,10 MARIGOLD DRIVE ADELPHI PARK ESTATE SINGAPORE 576410,576410,27593.07568789739,37356.47975098155,1.354113252306547,103.8296621013268
ADELPHI PARK ESTATE,10A,MARIGOLD DRIVE,ADELPHI PARK ESTATE,10A MARIGOLD DRIVE ADELPHI PARK ESTATE SINGAPORE 576411,576411,27585.51689459104,37348.40842990763,1.35404025804736,103.8295941808023
ADELPHI PARK ESTATE,11,MARIGOLD DRIVE,ADELPHI PARK ESTATE,11 MARIGOLD DRIVE ADELPHI PARK ESTATE SINGAPORE 576412,576412,27477.77703797445,37301.0127022434,1.353611626259916,103.8286260695121
ADELPHI PARK ESTATE,12,MARIGOLD DRIVE,ADELPHI PARK ESTATE,12 MARIGOLD DRIVE ADELPHI PARK ESTATE SINGAPORE 576413,576413,27576.20128697436,37337.67092321999,1.353943151727572,103.8295104742103
ADELPHI PARK ESTATE,12A,MARIGOLD DRIVE,ADELPHI PARK ESTATE,12A MARIGOLD DRIVE ADELPHI PARK ESTATE SINGAPORE 576414,576414,27569.86592557095,37328.67349264771,1.353861782077103,103.8294535470326
ADELPHI PARK ESTATE,14,MARIGOLD DRIVE,ADELPHI PARK ESTATE,14 MARIGOLD DRIVE ADELPHI PARK ESTATE SINGAPORE 576415,576415,27560.00204369705,37315.24455684796,1.353740335417306,103.8293649138945
ADELPHI PARK ESTATE,14A,MARIGOLD DRIVE,ADELPHI PARK ESTATE,14A MARIGOLD DRIVE ADELPHI PARK ESTATE SINGAPORE 576416,576416,27554.45038092788,37310.41581460088,1.353696665908478,103.829315028701
ADELPHI PARK ESTATE,15,MARIGOLD DRIVE,ADELPHI PARK ESTATE,15 MARIGOLD DRIVE ADELPHI PARK ESTATE SINGAPORE 576417,576417,27460.35608806927,37306.82917960361,1.353664228099986,103.8284695309614
ADELPHI PARK ESTATE,16,MARIGOLD DRIVE,ADELPHI PARK ESTATE,16 MARIGOLD DRIVE ADELPHI PARK ESTATE SINGAPORE 576418,576418,27463.66543806903,37338.64101209678,1.353951923049359,103.8284992670317
ADELPHI PARK ESTATE,17,MARIGOLD DRIVE,ADELPHI PARK ESTATE,17 MARIGOLD DRIVE ADELPHI PARK ESTATE SINGAPORE 576419,576419,27442.58378741052,37313.28673285618,1.353722627585441,103.8283098352793
ADELPHI PARK ESTATE,18,MARIGOLD DRIVE,ADELPHI PARK ESTATE,18 MARIGOLD DRIVE ADELPHI PARK ESTATE SINGAPORE 576420,576420,27445.18232408073,37350.67925511859,1.354060792295031,103.8283331841117
ADELPHI PARK ESTATE,19,MARIGOLD DRIVE,ADELPHI PARK ESTATE,19 MARIGOLD DRIVE ADELPHI PARK ESTATE SINGAPORE 576421,576421,27425.90845901705,37318.50923130289,1.353769857685398,103.8281599966156
ADELPHI PARK ESTATE,20,MARIGOLD DRIVE,ADELPHI PARK ESTATE,20 MARIGOLD DRIVE ADELPHI PARK ESTATE SINGAPORE 576422,576422,27426.43745256867,37350.89367351495,1.3540627310632,103.8281647493432
ADELPHI PARK ESTATE,21,MARIGOLD DRIVE,ADELPHI PARK ESTATE,21 MARIGOLD DRIVE ADELPHI PARK ESTATE SINGAPORE 576423,576423,27408.46141811088,37325.12662977912,1.353829702740005,103.8280032235846
ADELPHI PARK ESTATE,22,MARIGOLD DRIVE,ADELPHI PARK ESTATE,22 MARIGOLD DRIVE ADELPHI PARK ESTATE SINGAPORE 576424,576424,27435.93969257269,37366.25742963701,1.354201675586034,103.828250132811
ADELPHI PARK ESTATE,23,MARIGOLD DRIVE,ADELPHI PARK ESTATE,23 MARIGOLD DRIVE ADELPHI PARK ESTATE SINGAPORE 576425,576425,27389.46777404007,37331.48069679737,1.353887166276694,103.8278325533249
ADELPHI PARK ESTATE,25,MARIGOLD DRIVE,ADELPHI PARK ESTATE,25 MARIGOLD DRIVE ADELPHI PARK ESTATE SINGAPORE 576426,576426,27394.32172951661,37362.33315527998,1.354166185027576,103.8278761686195
ADELPHI PARK ESTATE,27,MARIGOLD DRIVE,ADELPHI PARK ESTATE,27 MARIGOLD DRIVE ADELPHI PARK ESTATE SINGAPORE 576427,576427,27410.31533211283,37385.1292450726,1.354372345069655,103.8280198810148
ADELPHI PARK ESTATE,29,MARIGOLD DRIVE,ADELPHI PARK ESTATE,29 MARIGOLD DRIVE ADELPHI PARK ESTATE SINGAPORE 576428,576428,27418.17559453659,37398.3945521526,1.354492311939139,103.8280905102952
ADELPHI PARK ESTATE,31,MARIGOLD DRIVE,ADELPHI PARK ESTATE,31 MARIGOLD DRIVE ADELPHI PARK ESTATE SINGAPORE 576429,576429,27430.14755067229,37414.77019724064,1.354640407675136,103.8281980857525
ADELPHI PARK ESTATE,24,MARIGOLD DRIVE,ADELPHI PARK ESTATE,24 MARIGOLD DRIVE ADELPHI PARK ESTATE SINGAPORE 576430,576430,27441.63152637426,37370.03799160756,1.35423586575005,103.8283012775424
ADELPHI PARK ESTATE,23A,MARIGOLD DRIVE,ADELPHI PARK ESTATE,23A MARIGOLD DRIVE ADELPHI PARK ESTATE SINGAPORE 576431,576431,27384.25886591803,37347.4690933004,1.354031759535884,103.8277857475994
ADELPHI PARK ESTATE,25A,MARIGOLD DRIVE,ADELPHI PARK ESTATE,25A MARIGOLD DRIVE ADELPHI PARK ESTATE SINGAPORE 576432,576432,27400.59794728085,37371.39983899891,1.354248181014569,103.8279325643064
ADELPHI PARK ESTATE,2,JASMINE ROAD,ADELPHI PARK ESTATE,2 JASMINE ROAD ADELPHI PARK ESTATE SINGAPORE 576564,576564,27631.42997534014,37541.03015532158,1.355782260960009,103.8300067370765
ADELPHI PARK ESTATE,2A,JASMINE ROAD,ADELPHI PARK ESTATE,2A JASMINE ROAD ADELPHI PARK ESTATE SINGAPORE 576565,576565,27625.74301468395,37546.51810398512,1.355831891942342,103.8299556359609
ADELPHI PARK ESTATE,2B,JASMINE ROAD,ADELPHI PARK ESTATE,2B JASMINE ROAD ADELPHI PARK ESTATE SINGAPORE 576566,576566,27620.02893391345,37552.02618085966,1.355881704955589,103.8299042911511
ADELPHI PARK ESTATE,2C,JASMINE ROAD,ADELPHI PARK ESTATE,2C JASMINE ROAD ADELPHI PARK ESTATE SINGAPORE 576567,576567,27613.54244446661,37556.7185961064,1.355924141404356,103.829846005754
ADELPHI PARK ESTATE,2D,JASMINE ROAD,ADELPHI PARK ESTATE,2D JASMINE ROAD ADELPHI PARK ESTATE SINGAPORE 576568,576568,27608.6455992572,37563.06143370271,1.355981503704714,103.8298020043236
ADELPHI PARK ESTATE,2E,JASMINE ROAD,ADELPHI PARK ESTATE,2E JASMINE ROAD ADELPHI PARK ESTATE SINGAPORE 576569,576569,27602.94589577895,37568.57268871367,1.356031345456731,103.8297507886968
ADELPHI PARK ESTATE,2F,JASMINE ROAD,ADELPHI PARK ESTATE,2F JASMINE ROAD ADELPHI PARK ESTATE SINGAPORE 576570,576570,27597.24740302097,37574.08267246932,1.356081175710867,103.8296995839469
ADELPHI PARK ESTATE,2G,JASMINE ROAD,ADELPHI PARK ESTATE,2G JASMINE ROAD ADELPHI PARK ESTATE SINGAPORE 576571,576571,27591.54897079803,37579.5924140811,1.356131003774024,103.829648379739
ADELPHI PARK ESTATE,2H,JASMINE ROAD,ADELPHI PARK ESTATE,2H JASMINE ROAD ADELPHI PARK ESTATE SINGAPORE 576572,576572,27585.85084125586,37585.10197408497,1.356180830193673,103.8295971782488
ADELPHI PARK ESTATE,2J,JASMINE ROAD,ADELPHI PARK ESTATE,2J JASMINE ROAD ADELPHI PARK ESTATE SINGAPORE 576573,576573,27580.15289332066,37590.61147355288,1.356230656064742,103.8295459783883
ADELPHI PARK ESTATE,2K,JASMINE ROAD,ADELPHI PARK ESTATE,2K JASMINE ROAD ADELPHI PARK ESTATE SINGAPORE 576574,576574,27574.45440056268,37596.12145731039,1.35628048631443,103.8294947736301
ADELPHI PARK ESTATE,2L,JASMINE ROAD,ADELPHI PARK ESTATE,2L JASMINE ROAD ADELPHI PARK ESTATE SINGAPORE 576575,576575,27568.22561272886,37601.07717374712,1.356325303959032,103.82943880383
ADELPHI PARK ESTATE,2M,JASMINE ROAD,ADELPHI PARK ESTATE,2M JASMINE ROAD ADELPHI PARK ESTATE SINGAPORE 576576,576576,27562.06050873362,37606.11773134395,1.356370888876486,103.8293834062675
ADELPHI PARK ESTATE,2N,JASMINE ROAD,ADELPHI PARK ESTATE,2N JASMINE ROAD ADELPHI PARK ESTATE SINGAPORE 576577,576577,27557.35980005842,37612.65068214573,1.356429970487165,103.8293411672303
ADELPHI PARK ESTATE,2P,JASMINE ROAD,ADELPHI PARK ESTATE,2P JASMINE ROAD ADELPHI PARK ESTATE SINGAPORE 576578,576578,27551.61545130424,37618.21024485864,1.356480249106108,103.8292895504169
ADELPHI PARK ESTATE,3,JASMINE ROAD,ADELPHI PARK ESTATE,3 JASMINE ROAD ADELPHI PARK ESTATE SINGAPORE 576579,576579,27638.00723847002,37507.07244385406,1.355475159589882,103.8300658384828
ADELPHI PARK ESTATE,3A,JASMINE ROAD,ADELPHI PARK ESTATE,3A JASMINE ROAD ADELPHI PARK ESTATE SINGAPORE 576579,576579,27638.00720820203,37507.07241358608,1.355475159316149,103.8300658382109
ADELPHI PARK ESTATE,5,JASMINE ROAD,ADELPHI PARK ESTATE,5 JASMINE ROAD ADELPHI PARK ESTATE SINGAPORE 576580,576580,27642.39267582633,37501.32782268897,1.355423207334666,103.8301052445586
ADELPHI PARK ESTATE,5A,JASMINE ROAD,ADELPHI PARK ESTATE,5A JASMINE ROAD ADELPHI PARK ESTATE SINGAPORE 576580,576580,27642.39270609431,37501.32779242098,1.355423207060934,103.8301052448306
ADELPHI PARK ESTATE,7,JASMINE ROAD,ADELPHI PARK ESTATE,7 JASMINE ROAD ADELPHI PARK ESTATE SINGAPORE 576581,576581,27645.66397897061,37495.08931883238,1.355366788566279,103.8301346394185
ADELPHI PARK ESTATE,7A,JASMINE ROAD,ADELPHI PARK ESTATE,7A JASMINE ROAD ADELPHI PARK ESTATE SINGAPORE 576581,576581,27645.66400923859,37495.0892885644,1.355366788292547,103.8301346396905
ADELPHI PARK ESTATE,9,JASMINE ROAD,ADELPHI PARK ESTATE,9 JASMINE ROAD ADELPHI PARK ESTATE SINGAPORE 576582,576582,27647.6610302683,37488.39552396536,1.355306252292607,103.8301525843015
ADELPHI PARK ESTATE,9A,JASMINE ROAD,ADELPHI PARK ESTATE,9A JASMINE ROAD ADELPHI PARK ESTATE SINGAPORE 576582,576582,27647.66100000031,37488.39549369738,1.355306252018873,103.8301525840295
ADELPHI PARK ESTATE,11,JASMINE ROAD,ADELPHI PARK ESTATE,11 JASMINE ROAD ADELPHI PARK ESTATE SINGAPORE 576583,576583,27648.76759748533,37481.36466483213,1.355242667719026,103.8301625276097
ADELPHI PARK ESTATE,11A,JASMINE ROAD,ADELPHI PARK ESTATE,11A JASMINE ROAD ADELPHI PARK ESTATE SINGAPORE 576583,576583,27648.76759748533,37481.36469510011,1.355242667992759,103.8301625276097
ADELPHI PARK ESTATE,15,JASMINE ROAD,ADELPHI PARK ESTATE,15 JASMINE ROAD ADELPHI PARK ESTATE SINGAPORE 576584,576584,27648.59025736898,37474.34197805263,1.355179157038051,103.8301609341762
ADELPHI PARK ESTATE,15A,JASMINE ROAD,ADELPHI PARK ESTATE,15A JASMINE ROAD ADELPHI PARK ESTATE SINGAPORE 576584,576584,27648.59028763697,37474.34200832061,1.355179157311784,103.8301609344482
ADELPHI PARK ESTATE,17,JASMINE ROAD,ADELPHI PARK ESTATE,17 JASMINE ROAD ADELPHI PARK ESTATE SINGAPORE 576585,576585,27647.1478063371,37467.44169500098,1.35511675331776,103.8301479728986
ADELPHI PARK ESTATE,17A,JASMINE ROAD,ADELPHI PARK ESTATE,17A JASMINE ROAD ADELPHI PARK ESTATE SINGAPORE 576585,576585,27647.1478063371,37467.44169500098,1.35511675331776,103.8301479728986
ADELPHI PARK ESTATE,19,JASMINE ROAD,ADELPHI PARK ESTATE,19 JASMINE ROAD ADELPHI PARK ESTATE SINGAPORE 576586,576586,27644.93340064771,37460.75359051488,1.355056268455548,103.8301280751056
ADELPHI PARK ESTATE,19A,JASMINE ROAD,ADELPHI PARK ESTATE,19A JASMINE ROAD ADELPHI PARK ESTATE SINGAPORE 576586,576586,27644.93340064771,37460.75359051488,1.355056268455548,103.8301280751056
ADELPHI PARK ESTATE,21,JASMINE ROAD,ADELPHI PARK ESTATE,21 JASMINE ROAD ADELPHI PARK ESTATE SINGAPORE 576587,576587,27641.6564071225,37454.54468874633,1.355000117319103,103.8300986292669
ADELPHI PARK ESTATE,21A,JASMINE ROAD,ADELPHI PARK ESTATE,21A JASMINE ROAD ADELPHI PARK ESTATE SINGAPORE 576587,576587,27641.6564071225,37454.54468874633,1.355000117319103,103.8300986292669
ADELPHI PARK ESTATE,23,JASMINE ROAD,ADELPHI PARK ESTATE,23 JASMINE ROAD ADELPHI PARK ESTATE SINGAPORE 576588,576588,27630.92207857314,37430.94002003781,1.35478664496745,103.8300021746535
ADELPHI PARK ESTATE,25,JASMINE ROAD,ADELPHI PARK ESTATE,25 JASMINE ROAD ADELPHI PARK ESTATE SINGAPORE 576589,576589,27612.77061088197,37411.98617836647,1.35461523293986,103.8298390722019
ADELPHI PARK ESTATE,27,JASMINE ROAD,ADELPHI PARK ESTATE,27 JASMINE ROAD ADELPHI PARK ESTATE SINGAPORE 576590,576590,27598.46108863223,37393.8264777828,1.354451002882508,103.8297104921266
ADELPHI PARK ESTATE,29,JASMINE ROAD,ADELPHI PARK ESTATE,29 JASMINE ROAD ADELPHI PARK ESTATE SINGAPORE 576591,576591,27574.49707841966,37369.31906645931,1.354229366245138,103.8294951603474
ADELPHI PARK ESTATE,31,JASMINE ROAD,ADELPHI PARK ESTATE,31 JASMINE ROAD ADELPHI PARK ESTATE SINGAPORE 576592,576592,27567.36802994646,37353.91998759843,1.354090102354583,103.8294311014655
ADELPHI PARK ESTATE,33,JASMINE ROAD,ADELPHI PARK ESTATE,33 JASMINE ROAD ADELPHI PARK ESTATE SINGAPORE 576593,576593,27552.13188364264,37334.70387384854,1.353916318436307,103.8292941951466
ADELPHI PARK ESTATE,35,JASMINE ROAD,ADELPHI PARK ESTATE,35 JASMINE ROAD ADELPHI PARK ESTATE SINGAPORE 576594,576594,27540.304426861,37319.50338322856,1.353778850429209,103.8291879180561
ADELPHI PARK ESTATE,37,JASMINE ROAD,ADELPHI PARK ESTATE,37 JASMINE ROAD ADELPHI PARK ESTATE SINGAPORE 576595,576595,27533.40938017052,37311.45582252182,1.353706071047246,103.8291259617456
ADELPHI PARK ESTATE,1,GLADIOLA DRIVE,ADELPHI PARK ESTATE,1 GLADIOLA DRIVE ADELPHI PARK ESTATE SINGAPORE 578783,578783,27524.93582786061,37347.00717360154,1.354027584677734,103.8290498208578
ADELPHI PARK ESTATE,2,GLADIOLA DRIVE,ADELPHI PARK ESTATE,2 GLADIOLA DRIVE ADELPHI PARK ESTATE SINGAPORE 578784,578784,27551.78988569509,37379.72286862507,1.354323454194635,103.8292911214002
ADELPHI PARK ESTATE,3,GLADIOLA DRIVE,ADELPHI PARK ESTATE,3 GLADIOLA DRIVE ADELPHI PARK ESTATE SINGAPORE 578785,578785,27523.05945501383,37369.62904088013,1.354232168762641,103.8290329600768
ADELPHI PARK ESTATE,4,GLADIOLA DRIVE,ADELPHI PARK ESTATE,4 GLADIOLA DRIVE ADELPHI PARK ESTATE SINGAPORE 578786,578786,27547.17819515988,37398.36564622819,1.354492052768753,103.8292496820986
ADELPHI PARK ESTATE,6,GLADIOLA DRIVE,ADELPHI PARK ESTATE,6 GLADIOLA DRIVE ADELPHI PARK ESTATE SINGAPORE 578788,578788,27539.60714332014,37416.34531284496,1.354654654356517,103.8291816510242
ADELPHI PARK ESTATE,7,GLADIOLA DRIVE,ADELPHI PARK ESTATE,7 GLADIOLA DRIVE ADELPHI PARK ESTATE SINGAPORE 578789,578789,27507.44913589582,37405.66725247726,1.354558085264495,103.8288926906848
ADELPHI PARK ESTATE,8,GLADIOLA DRIVE,ADELPHI PARK ESTATE,8 GLADIOLA DRIVE ADELPHI PARK ESTATE SINGAPORE 578790,578790,27533.04837392829,37427.597526595,1.354756415269409,103.8291227160595
ADELPHI PARK ESTATE,9,GLADIOLA DRIVE,ADELPHI PARK ESTATE,9 GLADIOLA DRIVE ADELPHI PARK ESTATE SINGAPORE 578791,578791,27497.90212954395,37422.71454412304,1.354712254741397,103.8288069043694
ADELPHI PARK ESTATE,10,GLADIOLA DRIVE,ADELPHI PARK ESTATE,10 GLADIOLA DRIVE ADELPHI PARK ESTATE SINGAPORE 578792,578792,27521.91462906636,37444.0531396959,1.354905233798686,103.8290226718869
ADELPHI PARK ESTATE,11,GLADIOLA DRIVE,ADELPHI PARK ESTATE,11 GLADIOLA DRIVE ADELPHI PARK ESTATE SINGAPORE 578793,578793,27485.4764866,37437.31675777584,1.354844311750468,103.8286952516697
ADELPHI PARK ESTATE,12,GLADIOLA DRIVE,ADELPHI PARK ESTATE,12 GLADIOLA DRIVE ADELPHI PARK ESTATE SINGAPORE 578794,578794,27505.88936615922,37462.20905677974,1.355069429186491,103.8288786742105
ADELPHI PARK ESTATE,14,GLADIOLA DRIVE,ADELPHI PARK ESTATE,14 GLADIOLA DRIVE ADELPHI PARK ESTATE SINGAPORE 578795,578795,27492.02036414389,37472.36293620616,1.355161257022919,103.8287540520552
ADELPHI PARK ESTATE,15,GLADIOLA DRIVE,ADELPHI PARK ESTATE,15 GLADIOLA DRIVE ADELPHI PARK ESTATE SINGAPORE 578796,578796,27470.55491545144,37448.82128543779,1.35494835434062,103.8285611714791
ADELPHI PARK ESTATE,16,GLADIOLA DRIVE,ADELPHI PARK ESTATE,16 GLADIOLA DRIVE ADELPHI PARK ESTATE SINGAPORE 578797,578797,27464.01509381738,37489.18128082156,1.355313355651395,103.8285024062177
ADELPHI PARK ESTATE,17,GLADIOLA DRIVE,ADELPHI PARK ESTATE,17 GLADIOLA DRIVE ADELPHI PARK ESTATE SINGAPORE 578798,578798,27451.8654646175,37460.50064097531,1.355053977934993,103.82839323443
ADELPHI PARK ESTATE,18,GLADIOLA DRIVE,ADELPHI PARK ESTATE,18 GLADIOLA DRIVE ADELPHI PARK ESTATE SINGAPORE 578799,578799,27424.64362051338,37488.37276244164,1.355306042962973,103.828148627962
ADELPHI PARK ESTATE,20,GLADIOLA DRIVE,ADELPHI PARK ESTATE,20 GLADIOLA DRIVE ADELPHI PARK ESTATE SINGAPORE 578800,578800,27405.57588041853,37478.05991556495,1.355212776872734,103.8279772921325
ADELPHI PARK ESTATE,14A,GLADIOLA DRIVE,ADELPHI PARK ESTATE,14A GLADIOLA DRIVE ADELPHI PARK ESTATE SINGAPORE 578802,578802,27480.07994724717,37480.86360862851,1.355238133871092,103.8286467595094
ADELPHI PARK ESTATE,1,GARDENIA ROAD,ADELPHI PARK ESTATE,1 GARDENIA ROAD ADELPHI PARK ESTATE SINGAPORE 578809,578809,27611.706570182,37476.95431692339,1.355202781641087,103.8298295102634
ADELPHI PARK ESTATE,2,GARDENIA ROAD,ADELPHI PARK ESTATE,2 GARDENIA ROAD ADELPHI PARK ESTATE SINGAPORE 578810,578810,27617.43275814597,37526.67047902383,1.355652396983591,103.8298809631441
ADELPHI PARK ESTATE,3,GARDENIA ROAD,ADELPHI PARK ESTATE,3 GARDENIA ROAD ADELPHI PARK ESTATE SINGAPORE 578811,578811,27600.51507400721,37498.16963099875,1.355394645239373,103.8297289471187
ADELPHI PARK ESTATE,4,GARDENIA ROAD,ADELPHI PARK ESTATE,4 GARDENIA ROAD ADELPHI PARK ESTATE SINGAPORE 578812,578812,27611.75548324455,37532.13260909729,1.355701794469298,103.8298299490618
ADELPHI PARK ESTATE,5,GARDENIA ROAD,ADELPHI PARK ESTATE,5 GARDENIA ROAD ADELPHI PARK ESTATE SINGAPORE 578813,578813,27590.85211100895,37508.41827948205,1.355487330235496,103.8296421189738
ADELPHI PARK ESTATE,6,GARDENIA ROAD,ADELPHI PARK ESTATE,6 GARDENIA ROAD ADELPHI PARK ESTATE SINGAPORE 578814,578814,27606.04479248822,37537.6302435156,1.355751513042106,103.8297786347138
ADELPHI PARK ESTATE,7,GARDENIA ROAD,ADELPHI PARK ESTATE,7 GARDENIA ROAD ADELPHI PARK ESTATE SINGAPORE 578815,578815,27575.23074407689,37524.36859886162,1.355631579025101,103.8295017506041
ADELPHI PARK ESTATE,8,GARDENIA ROAD,ADELPHI PARK ESTATE,8 GARDENIA ROAD ADELPHI PARK ESTATE SINGAPORE 578816,578816,27600.37130108383,37543.17261401378,1.355801636191472,103.8297276546235
ADELPHI PARK ESTATE,9,GARDENIA ROAD,ADELPHI PARK ESTATE,9 GARDENIA ROAD ADELPHI PARK ESTATE SINGAPORE 578817,578817,27561.17429243866,37535.11131164245,1.35572873208976,103.8293754440778
ADELPHI PARK ESTATE,10,GARDENIA ROAD,ADELPHI PARK ESTATE,10 GARDENIA ROAD ADELPHI PARK ESTATE SINGAPORE 578818,578818,27594.69729512464,37548.7154687997,1.355851763719449,103.8296766699074
ADELPHI PARK ESTATE,11,GARDENIA ROAD,ADELPHI PARK ESTATE,11 GARDENIA ROAD ADELPHI PARK ESTATE SINGAPORE 578819,578819,27548.55563056283,37548.43128270097,1.355849192975688,103.8292620569805
ADELPHI PARK ESTATE,12,GARDENIA ROAD,ADELPHI PARK ESTATE,12 GARDENIA ROAD ADELPHI PARK ESTATE SINGAPORE 578820,578820,27589.02383398823,37554.25762742199,1.355901884950471,103.8296256900849
ADELPHI PARK ESTATE,14,GARDENIA ROAD,ADELPHI PARK ESTATE,14 GARDENIA ROAD ADELPHI PARK ESTATE SINGAPORE 578821,578821,27583.35155330412,37559.79872666486,1.355951996599752,103.8295747208674
ADELPHI PARK ESTATE,15,GARDENIA ROAD,ADELPHI PARK ESTATE,15 GARDENIA ROAD ADELPHI PARK ESTATE SINGAPORE 578822,578822,27532.20365503896,37563.38421148062,1.355984421685653,103.8291151235884
ADELPHI PARK ESTATE,16,GARDENIA ROAD,ADELPHI PARK ESTATE,16 GARDENIA ROAD ADELPHI PARK ESTATE SINGAPORE 578823,578823,27577.67942395899,37565.33973510563,1.356002107426748,103.8295237530077
ADELPHI PARK ESTATE,17,GARDENIA ROAD,ADELPHI PARK ESTATE,17 GARDENIA ROAD ADELPHI PARK ESTATE SINGAPORE 578824,578824,27516.25448584277,37568.46127226576,1.35603033655983,103.8289718098176
ADELPHI PARK ESTATE,18,GARDENIA ROAD,ADELPHI PARK ESTATE,18 GARDENIA ROAD ADELPHI PARK ESTATE SINGAPORE 578825,578825,27572.0072946148,37570.88068300858,1.356052217705154,103.8294727851459
ADELPHI PARK ESTATE,20,GARDENIA ROAD,ADELPHI PARK ESTATE,20 GARDENIA ROAD ADELPHI PARK ESTATE SINGAPORE 578826,578826,27566.33510473371,37576.42163091153,1.356102327982452,103.8294218167381
ADELPHI PARK ESTATE,22,GARDENIA ROAD,ADELPHI PARK ESTATE,22 GARDENIA ROAD ADELPHI PARK ESTATE SINGAPORE 578827,578827,27560.66246083379,37581.96315390617,1.356152443459562,103.8293708442485
ADELPHI PARK ESTATE,24,GARDENIA ROAD,ADELPHI PARK ESTATE,24 GARDENIA ROAD ADELPHI PARK ESTATE SINGAPORE 578828,578828,27554.98957478907,37587.50488877669,1.35620256085169,103.829319869581
ADELPHI PARK ESTATE,26,GARDENIA ROAD,ADELPHI PARK ESTATE,26 GARDENIA ROAD ADELPHI PARK ESTATE SINGAPORE 578829,578829,27549.31750598084,37593.04595775157,1.356252672220601,103.8292689022547
ADELPHI PARK ESTATE,28,GARDENIA ROAD,ADELPHI PARK ESTATE,28 GARDENIA ROAD ADELPHI PARK ESTATE SINGAPORE 578830,578830,27543.64604253136,37598.58642136678,1.356302778113756,103.829217940366
ADELPHI PARK ESTATE,30,GARDENIA ROAD,ADELPHI PARK ESTATE,30 GARDENIA ROAD ADELPHI PARK ESTATE SINGAPORE 578831,578831,27538.02097990178,37604.08060523681,1.356352465468993,103.8291673954175
ADELPHI PARK ESTATE,32,GARDENIA ROAD,ADELPHI PARK ESTATE,32 GARDENIA ROAD ADELPHI PARK ESTATE SINGAPORE 578832,578832,27508.78876658715,37604.29944275878,1.356354444088268,103.8289047248699
ADELPHI PARK ESTATE,34,GARDENIA ROAD,ADELPHI PARK ESTATE,34 GARDENIA ROAD ADELPHI PARK ESTATE SINGAPORE 578833,578833,27493.97195293009,37597.39807005972,1.356292030282574,103.8287715862311
ADELPHI PARK ESTATE,36,GARDENIA ROAD,ADELPHI PARK ESTATE,36 GARDENIA ROAD ADELPHI PARK ESTATE SINGAPORE 578834,578834,27484.89068004303,37599.9199681934,1.356314837274997,103.828689985017
ADELPHI PARK ESTATE,38,GARDENIA ROAD,ADELPHI PARK ESTATE,38 GARDENIA ROAD ADELPHI PARK ESTATE SINGAPORE 578835,578835,27476.46237836964,37596.19779316522,1.356281175102245,103.8286142512837
ADELPHI PARK ESTATE,40,GARDENIA ROAD,ADELPHI PARK ESTATE,40 GARDENIA ROAD ADELPHI PARK ESTATE SINGAPORE 578836,578836,27468.47825935669,37594.785640385,1.356268403953587,103.8285425087829
ADELPHI PARK ESTATE,42,GARDENIA ROAD,ADELPHI PARK ESTATE,42 GARDENIA ROAD ADELPHI PARK ESTATE SINGAPORE 578837,578837,27459.38052068651,37583.57813244499,1.356167047078934,103.8284607598599
ADELPHI PARK ESTATE,44,GARDENIA ROAD,ADELPHI PARK ESTATE,44 GARDENIA ROAD ADELPHI PARK ESTATE SINGAPORE 578838,578838,27449.36490541045,37587.01155091077,1.356198097508793,103.8283707629537
ADELPHI PARK ESTATE,46,GARDENIA ROAD,ADELPHI PARK ESTATE,46 GARDENIA ROAD ADELPHI PARK ESTATE SINGAPORE 578839,578839,27440.70481151715,37587.22660493478,1.356200042218989,103.8282929463505
ADELPHI PARK ESTATE,48,GARDENIA ROAD,ADELPHI PARK ESTATE,48 GARDENIA ROAD ADELPHI PARK ESTATE SINGAPORE 578840,578840,27435.31686827168,37578.450736003,1.356120676283807,103.8282445323275
ADELPHI PARK ESTATE,50,GARDENIA ROAD,ADELPHI PARK ESTATE,50 GARDENIA ROAD ADELPHI PARK ESTATE SINGAPORE 578841,578841,27428.94703163393,37572.39553505741,1.356065915081119,103.8281872953028
ADELPHI PARK ESTATE,52,GARDENIA ROAD,ADELPHI PARK ESTATE,52 GARDENIA ROAD ADELPHI PARK ESTATE SINGAPORE 578842,578842,27417.47912823129,37571.7548526451,1.356060120754898,103.8280842487196
ADELPHI PARK ESTATE,54,GARDENIA ROAD,ADELPHI PARK ESTATE,54 GARDENIA ROAD ADELPHI PARK ESTATE SINGAPORE 578843,578843,27407.44459546544,37557.08928810246,1.355927490413497,103.8279940821853
ADELPHI PARK ESTATE,56,GARDENIA ROAD,ADELPHI PARK ESTATE,56 GARDENIA ROAD ADELPHI PARK ESTATE SINGAPORE 578844,578844,27399.29733202048,37553.27873056009,1.355893028924508,103.8279208737873
ADELPHI PARK ESTATE,58,GARDENIA ROAD,ADELPHI PARK ESTATE,58 GARDENIA ROAD ADELPHI PARK ESTATE SINGAPORE 578845,578845,27393.80012135394,37547.39781266451,1.355839843885718,103.8278714778848
ADELPHI PARK ESTATE,60,GARDENIA ROAD,ADELPHI PARK ESTATE,60 GARDENIA ROAD ADELPHI PARK ESTATE SINGAPORE 578846,578846,27388.01043116022,37541.47294565663,1.355786261379758,103.8278194538663
ADELPHI PARK ESTATE,62,GARDENIA ROAD,ADELPHI PARK ESTATE,62 GARDENIA ROAD ADELPHI PARK ESTATE SINGAPORE 578847,578847,27384.05673632305,37534.42752762139,1.35572254504631,103.8277839274873
ADELPHI PARK ESTATE,64,GARDENIA ROAD,ADELPHI PARK ESTATE,64 GARDENIA ROAD ADELPHI PARK ESTATE SINGAPORE 578848,578848,27371.92635756079,37533.25164672174,1.355711910544334,103.8276749281583
ADELPHI PARK ESTATE,66,GARDENIA ROAD,ADELPHI PARK ESTATE,66 GARDENIA ROAD ADELPHI PARK ESTATE SINGAPORE 578849,578849,27369.20481180493,37518.75942692347,1.355580848011577,103.8276504736028
ADELPHI PARK ESTATE,68,GARDENIA ROAD,ADELPHI PARK ESTATE,68 GARDENIA ROAD ADELPHI PARK ESTATE SINGAPORE 578850,578850,27362.67431270983,37513.69943728112,1.355535087127808,103.8275917929263
ADELPHI PARK ESTATE,70,GARDENIA ROAD,ADELPHI PARK ESTATE,70 GARDENIA ROAD ADELPHI PARK ESTATE SINGAPORE 578851,578851,27356.56378188916,37508.38501496799,1.355487025253221,103.8275368859456
ADELPHI PARK ESTATE,72,GARDENIA ROAD,ADELPHI PARK ESTATE,72 GARDENIA ROAD ADELPHI PARK ESTATE SINGAPORE 578852,578852,27352.45572033525,37501.17766322009,1.355421844441296,103.8274999724965
ADELPHI PARK ESTATE,74,GARDENIA ROAD,ADELPHI PARK ESTATE,74 GARDENIA ROAD ADELPHI PARK ESTATE SINGAPORE 578853,578853,27346.93166196626,37495.29320397042,1.355368627366403,103.8274503353689
ADELPHI PARK ESTATE,76,GARDENIA ROAD,ADELPHI PARK ESTATE,76 GARDENIA ROAD ADELPHI PARK ESTATE SINGAPORE 578854,578854,27339.38924364001,37489.00354722142,1.3553117457838,103.8273825619765
ADELPHI PARK ESTATE,79,GARDENIA ROAD,ADELPHI PARK ESTATE,79 GARDENIA ROAD ADELPHI PARK ESTATE SINGAPORE 578855,578855,27353.19053617585,37441.27087636292,1.354880068807885,103.8275065765893
ADELPHI PARK ESTATE,81,GARDENIA ROAD,ADELPHI PARK ESTATE,81 GARDENIA ROAD ADELPHI PARK ESTATE SINGAPORE 578856,578856,27341.20259854477,37422.66175675951,1.354711774292752,103.8273988576087
ADELPHI PARK ESTATE,83,GARDENIA ROAD,ADELPHI PARK ESTATE,83 GARDENIA ROAD ADELPHI PARK ESTATE SINGAPORE 578857,578857,27375.4495811332,37432.20116584748,1.354798046050927,103.8277065887256
ADELPHI PARK ESTATE,85,GARDENIA ROAD,ADELPHI PARK ESTATE,85 GARDENIA ROAD ADELPHI PARK ESTATE SINGAPORE 578858,578858,27362.70603355672,37406.29903610051,1.354563796141166,103.8275920802456
ADELPHI PARK ESTATE,86,GARDENIA ROAD,ADELPHI PARK ESTATE,86 GARDENIA ROAD ADELPHI PARK ESTATE SINGAPORE 578859,578859,27322.1771730911,37464.47782376781,1.355089943486576,103.827227900894
ADELPHI PARK ESTATE,87,GARDENIA ROAD,ADELPHI PARK ESTATE,87 GARDENIA ROAD ADELPHI PARK ESTATE SINGAPORE 578860,578860,27391.20748694055,37400.19940175489,1.354508633816665,103.8278481843696
ADELPHI PARK ESTATE,88,GARDENIA ROAD,ADELPHI PARK ESTATE,88 GARDENIA ROAD ADELPHI PARK ESTATE SINGAPORE 578861,578861,27318.26149484143,37458.58576725237,1.355036657735924,103.827192716118
ADELPHI PARK ESTATE,89,GARDENIA ROAD,ADELPHI PARK ESTATE,89 GARDENIA ROAD ADELPHI PARK ESTATE SINGAPORE 578862,578862,27358.96197477449,37355.1394241266,1.354101126743189,103.82755843855
ADELPHI PARK ESTATE,90,GARDENIA ROAD,ADELPHI PARK ESTATE,90 GARDENIA ROAD ADELPHI PARK ESTATE SINGAPORE 578863,578863,27314.46528432425,37453.04251898266,1.354986526485072,103.8271586048306
ADELPHI PARK ESTATE,91,GARDENIA ROAD,ADELPHI PARK ESTATE,91 GARDENIA ROAD ADELPHI PARK ESTATE SINGAPORE 578864,578864,27340.16047186498,37374.88207972236,1.354279671881123,103.8273894944785
ADELPHI PARK ESTATE,92,GARDENIA ROAD,ADELPHI PARK ESTATE,92 GARDENIA ROAD ADELPHI PARK ESTATE SINGAPORE 578865,578865,27308.38157093618,37447.88567179255,1.354939889654408,103.8271039388392
ADELPHI PARK ESTATE,93,GARDENIA ROAD,ADELPHI PARK ESTATE,93 GARDENIA ROAD ADELPHI PARK ESTATE SINGAPORE 578866,578866,27322.86359042581,37357.00202503987,1.354117970643361,103.8272340712295
ADELPHI PARK ESTATE,94,GARDENIA ROAD,ADELPHI PARK ESTATE,94 GARDENIA ROAD ADELPHI PARK ESTATE SINGAPORE 578867,578867,27306.49681385886,37441.49410274439,1.354882086535823,103.8270870032228
ADELPHI PARK ESTATE,95,GARDENIA ROAD,ADELPHI PARK ESTATE,95 GARDENIA ROAD ADELPHI PARK ESTATE SINGAPORE 578868,578868,27317.85466287285,37388.52001594938,1.354403008018138,103.827189062065
ADELPHI PARK ESTATE,96,GARDENIA ROAD,ADELPHI PARK ESTATE,96 GARDENIA ROAD ADELPHI PARK ESTATE SINGAPORE 578869,578869,27302.33793235943,37435.47207550704,1.354827625368414,103.8270496331171
ADELPHI PARK ESTATE,97,GARDENIA ROAD,ADELPHI PARK ESTATE,97 GARDENIA ROAD ADELPHI PARK ESTATE SINGAPORE 578870,578870,27304.05591284763,37370.70001294836,1.354241849935664,103.8270650717902
ADELPHI PARK ESTATE,98,GARDENIA ROAD,ADELPHI PARK ESTATE,98 GARDENIA ROAD ADELPHI PARK ESTATE SINGAPORE 578871,578871,27296.44463485852,37430.11482399702,1.354779176154429,103.8269966781461
ADELPHI PARK ESTATE,100,GARDENIA ROAD,ADELPHI PARK ESTATE,100 GARDENIA ROAD ADELPHI PARK ESTATE SINGAPORE 578872,578872,27289.81603722833,37419.16114336997,1.354680114809373,103.8269371161621
ADELPHI PARK ESTATE,102,GARDENIA ROAD,ADELPHI PARK ESTATE,102 GARDENIA ROAD ADELPHI PARK ESTATE SINGAPORE 578873,578873,27285.53611406218,37414.23233516887,1.354635540320405,103.826898658399
ADELPHI PARK ESTATE,104,GARDENIA ROAD,ADELPHI PARK ESTATE,104 GARDENIA ROAD ADELPHI PARK ESTATE SINGAPORE 578874,578874,27280.91074239835,37408.90762174129,1.354587385396556,103.8268570965685
ADELPHI PARK ESTATE,106,GARDENIA ROAD,ADELPHI PARK ESTATE,106 GARDENIA ROAD ADELPHI PARK ESTATE SINGAPORE 578875,578875,27276.38331792969,37403.4086555317,1.354537654594239,103.8268164148628
ADELPHI PARK ESTATE,108,GARDENIA ROAD,ADELPHI PARK ESTATE,108 GARDENIA ROAD ADELPHI PARK ESTATE SINGAPORE 578876,578876,27271.87014968228,37398.12431959435,1.354489864831339,103.826775861255
ADELPHI PARK ESTATE,80,GARDENIA ROAD,ADELPHI PARK ESTATE,80 GARDENIA ROAD ADELPHI PARK ESTATE SINGAPORE 578877,578877,27282.91097183432,37471.71689636074,1.355155410160707,103.8268750684202
ADELPHI PARK ESTATE,82,GARDENIA ROAD,ADELPHI PARK ESTATE,82 GARDENIA ROAD ADELPHI PARK ESTATE SINGAPORE 578878,578878,27274.56981168594,37450.35299675353,1.35496220245753,103.8268001181989
ADELPHI PARK ESTATE,32A,GARDENIA ROAD,ADELPHI PARK ESTATE,32A GARDENIA ROAD ADELPHI PARK ESTATE SINGAPORE 578879,578879,27501.15766306873,37603.47010000423,1.356346943680515,103.8288361544306
ADELPHI PARK ESTATE,77,GARDENIA ROAD,ADELPHI PARK ESTATE,77 GARDENIA ROAD ADELPHI PARK ESTATE SINGAPORE 578880,578880,27365.00915470533,37460.66502639465,1.355055462850092,103.8276127741261
ADELPHI PARK ESTATE,5A,GARDENIA ROAD,ADELPHI PARK ESTATE,5A GARDENIA ROAD ADELPHI PARK ESTATE SINGAPORE 578881,578881,27585.5881756926,37513.8635502886,1.35553657525277,103.8295948190155
ADELPHI PARK ESTATE,75,GARDENIA ROAD,ADELPHI PARK ESTATE,75 GARDENIA ROAD ADELPHI PARK ESTATE SINGAPORE 578969,578969,27389.51496182662,37486.21725824848,1.355286548649916,103.8278329741822
ADELPHI PARK ESTATE,13,GARDENIA ROAD,ADELPHI PARK ESTATE,13 GARDENIA ROAD ADELPHI PARK ESTATE SINGAPORE 578970,578970,27537.01680927351,37558.77049299143,1.355942696934059,103.8291583729902
ADELPHI PARK ESTATE,1,DAFFODIL DRIVE,ADELPHI PARK ESTATE,1 DAFFODIL DRIVE ADELPHI PARK ESTATE SINGAPORE 579050,579050,27479.07032838278,37332.94730168022,1.353900431432847,103.8286376900031
ADELPHI PARK ESTATE,2,DAFFODIL DRIVE,ADELPHI PARK ESTATE,2 DAFFODIL DRIVE ADELPHI PARK ESTATE SINGAPORE 579051,579051,27507.70387124643,37325.32191881165,1.353831470672156,103.8288949809684
ADELPHI PARK ESTATE,3,DAFFODIL DRIVE,ADELPHI PARK ESTATE,3 DAFFODIL DRIVE ADELPHI PARK ESTATE SINGAPORE 579052,579052,27479.45470150746,37351.71871821396,1.354070193448743,103.828641143517
ADELPHI PARK ESTATE,4,DAFFODIL DRIVE,ADELPHI PARK ESTATE,4 DAFFODIL DRIVE ADELPHI PARK ESTATE SINGAPORE 579053,579053,27509.52379430365,37343.71604492702,1.35399782063131,103.8289113338483
ADELPHI PARK ESTATE,5,DAFFODIL DRIVE,ADELPHI PARK ESTATE,5 DAFFODIL DRIVE ADELPHI PARK ESTATE SINGAPORE 579054,579054,27462.4180036569,37352.9187226966,1.354081045559083,103.8284880577728
ADELPHI PARK ESTATE,7,DAFFODIL DRIVE,ADELPHI PARK ESTATE,7 DAFFODIL DRIVE ADELPHI PARK ESTATE SINGAPORE 579055,579055,27463.27389143221,37370.5639280919,1.354240622530797,103.8284957481603
ADELPHI PARK ESTATE,8,DAFFODIL DRIVE,ADELPHI PARK ESTATE,8 DAFFODIL DRIVE ADELPHI PARK ESTATE SINGAPORE 579056,579056,27501.4662451623,37381.854703255,1.354342732946797,103.8288389309372
ADELPHI PARK ESTATE,9,DAFFODIL DRIVE,ADELPHI PARK ESTATE,9 DAFFODIL DRIVE ADELPHI PARK ESTATE SINGAPORE 579057,579057,27459.19001399726,37379.19357239455,1.354318665887832,103.8284590517281
ADELPHI PARK ESTATE,10,DAFFODIL DRIVE,ADELPHI PARK ESTATE,10 DAFFODIL DRIVE ADELPHI PARK ESTATE SINGAPORE 579058,579058,27494.20093022659,37400.1122299619,1.354507847396023,103.8287736470788
ADELPHI PARK ESTATE,11,DAFFODIL DRIVE,ADELPHI PARK ESTATE,11 DAFFODIL DRIVE ADELPHI PARK ESTATE SINGAPORE 579059,579059,27454.92570911068,37392.6608879976,1.354440459417971,103.8284207339481
ADELPHI PARK ESTATE,12,DAFFODIL DRIVE,ADELPHI PARK ESTATE,12 DAFFODIL DRIVE ADELPHI PARK ESTATE SINGAPORE 579060,579060,27484.54789512791,37410.85379255936,1.354604990098296,103.8286869081295
ADELPHI PARK ESTATE,14,DAFFODIL DRIVE,ADELPHI PARK ESTATE,14 DAFFODIL DRIVE ADELPHI PARK ESTATE SINGAPORE 579061,579061,27472.63223744184,37425.52438158728,1.354737665473517,103.8285798379748
ADELPHI PARK ESTATE,15,DAFFODIL DRIVE,ADELPHI PARK ESTATE,15 DAFFODIL DRIVE ADELPHI PARK ESTATE SINGAPORE 579062,579062,27418.25644032098,37429.23502451368,1.354771222192905,103.8280912361475
ADELPHI PARK ESTATE,16,DAFFODIL DRIVE,ADELPHI PARK ESTATE,16 DAFFODIL DRIVE ADELPHI PARK ESTATE SINGAPORE 579063,579063,27457.8437546175,37437.63251338154,1.354847166840634,103.8284469536591
ADELPHI PARK ESTATE,17,DAFFODIL DRIVE,ADELPHI PARK ESTATE,17 DAFFODIL DRIVE ADELPHI PARK ESTATE SINGAPORE 579064,579064,27400.67213410884,37438.35376916453,1.354853688523739,103.8279332295825
ADELPHI PARK ESTATE,18,DAFFODIL DRIVE,ADELPHI PARK ESTATE,18 DAFFODIL DRIVE ADELPHI PARK ESTATE SINGAPORE 579065,579065,27443.66995400563,37448.85809130594,1.35494868670881,103.828319592666
ADELPHI PARK ESTATE,19,DAFFODIL DRIVE,ADELPHI PARK ESTATE,19 DAFFODIL DRIVE ADELPHI PARK ESTATE SINGAPORE 579066,579066,27384.32593976986,37450.49225974642,1.354963464376784,103.8277863481827
ADELPHI PARK ESTATE,20,DAFFODIL DRIVE,ADELPHI PARK ESTATE,20 DAFFODIL DRIVE ADELPHI PARK ESTATE SINGAPORE 579067,579067,27429.49294498842,37456.13602799177,1.355014505508256,103.8281922029081
ADELPHI PARK ESTATE,1,CARNATION DRIVE,ADELPHI PARK ESTATE,1 CARNATION DRIVE ADELPHI PARK ESTATE SINGAPORE 579538,579538,27596.6979180444,37443.71740721911,1.354902198663055,103.8296946482256
ADELPHI PARK ESTATE,3,CARNATION DRIVE,ADELPHI PARK ESTATE,3 CARNATION DRIVE ADELPHI PARK ESTATE SINGAPORE 579539,579539,27587.38409623876,37459.70979909599,1.355046828033516,103.8296109572778
ADELPHI PARK ESTATE,5,CARNATION DRIVE,ADELPHI PARK ESTATE,5 CARNATION DRIVE ADELPHI PARK ESTATE SINGAPORE 579540,579540,27576.70010334626,37474.19608637132,1.355177836707594,103.8295149544644
ADELPHI PARK ESTATE,7,CARNATION DRIVE,ADELPHI PARK ESTATE,7 CARNATION DRIVE ADELPHI PARK ESTATE SINGAPORE 579541,579541,27565.59308511298,37488.2725148797,1.355305138754728,103.829415150489
ADELPHI PARK ESTATE,9,CARNATION DRIVE,ADELPHI PARK ESTATE,9 CARNATION DRIVE ADELPHI PARK ESTATE SINGAPORE 579542,579542,27553.5150396945,37503.0508881975,1.355438788921895,103.8293066211821
ADELPHI PARK ESTATE,11,CARNATION DRIVE,ADELPHI PARK ESTATE,11 CARNATION DRIVE ADELPHI PARK ESTATE SINGAPORE 579543,579543,27538.49624778237,37514.11949635856,1.355538889243311,103.8291716673995
ADELPHI PARK ESTATE,15,CARNATION DRIVE,ADELPHI PARK ESTATE,15 CARNATION DRIVE ADELPHI PARK ESTATE SINGAPORE 579544,579544,27516.99275223352,37530.96332661808,1.35569121850447,103.8289784442288
ADELPHI PARK ESTATE,17,CARNATION DRIVE,ADELPHI PARK ESTATE,17 CARNATION DRIVE ADELPHI PARK ESTATE SINGAPORE 579545,579545,27495.70415936969,37542.58514271677,1.355796321716983,103.8287871521627
ADELPHI PARK ESTATE,19,CARNATION DRIVE,ADELPHI PARK ESTATE,19 CARNATION DRIVE ADELPHI PARK ESTATE SINGAPORE 579546,579546,27475.3582325913,37550.19944750518,1.35586518242562,103.8286043306199
ADL BUILDING,41,TOH GUAN ROAD EAST,ADL BUILDING,41 TOH GUAN ROAD EAST ADL BUILDING SINGAPORE 608605,608605,19443.46623184904,35427.01973639801,1.336662692655971,103.7564331700989
ADMIRALTY PLACE,677,WOODLANDS AVENUE 6,ADMIRALTY PLACE,677 WOODLANDS AVENUE 6 ADMIRALTY PLACE SINGAPORE 730677,730677,24482.05904264562,46785.54944710992,1.439386153805416,103.801706470491
ADMIRALTY PLACE,678,WOODLANDS AVENUE 6,ADMIRALTY PLACE,678 WOODLANDS AVENUE 6 ADMIRALTY PLACE SINGAPORE 730678,730678,24436.0586690316,46851.62000617012,1.439983666087329,103.8012931042679
ADMIRALTY PLACE,679,WOODLANDS AVENUE 6,ADMIRALTY PLACE,679 WOODLANDS AVENUE 6 ADMIRALTY PLACE SINGAPORE 730679,730679,24516.42228456028,46844.96056546457,1.439923450627371,103.8020152501499
ADMIRALTY PLACE,680,WOODLANDS AVENUE 6,ADMIRALTY PLACE,680 WOODLANDS AVENUE 6 ADMIRALTY PLACE SINGAPORE 730680,730680,24528.26215121429,46812.80158946477,1.439632618019731,103.8021216467927
ADMIRALTY FLORA,691,WOODLANDS DRIVE 73,ADMIRALTY FLORA,691 WOODLANDS DRIVE 73 ADMIRALTY FLORA SINGAPORE 730691,730691,24981.9051008448,46923.07290890068,1.44062992421831,103.8061980565287
ADMIRALTY FLORA,692,WOODLANDS DRIVE 73,ADMIRALTY FLORA,692 WOODLANDS DRIVE 73 ADMIRALTY FLORA SINGAPORE 730692,730692,24896.46896472946,46811.2462085858,1.439618594878613,103.8054303420032
ADMIRALTY GROVE,693,WOODLANDS AVENUE 6,ADMIRALTY GROVE,693 WOODLANDS AVENUE 6 ADMIRALTY GROVE SINGAPORE 730693,730693,24711.13531577401,46641.98982293345,1.438087880566356,103.8037649592718
ADMIRALTY GROVE,694,WOODLANDS DRIVE 62,ADMIRALTY GROVE,694 WOODLANDS DRIVE 62 ADMIRALTY GROVE SINGAPORE 730694,730694,24847.36678867973,46638.16177049652,1.438053276678135,103.8049891306848
ADMIRALTY CLOVER,701,WOODLANDS DRIVE 40,ADMIRALTY CLOVER,701 WOODLANDS DRIVE 40 ADMIRALTY CLOVER SINGAPORE 730701,730701,23855.25898149796,47052.14730518125,1.441797082047692,103.796074026236
ADMIRALTY CLOVER,702,WOODLANDS DRIVE 40,ADMIRALTY CLOVER,702 WOODLANDS DRIVE 40 ADMIRALTY CLOVER SINGAPORE 730702,730702,23904.19023424294,47059.67670827359,1.441865182421918,103.7965137202473
ADMIRALTY CLOVER,703,WOODLANDS DRIVE 40,ADMIRALTY CLOVER,703 WOODLANDS DRIVE 40 ADMIRALTY CLOVER SINGAPORE 730703,730703,23911.18465072475,46959.20598035865,1.4409565628088,103.7965765864834
ADMIRALTY CLOVER,704,WOODLANDS DRIVE 40,ADMIRALTY CLOVER,704 WOODLANDS DRIVE 40 ADMIRALTY CLOVER SINGAPORE 730704,730704,23873.28196159843,46917.63596178964,1.440580613159757,103.7962360000013
ADMIRALTY CLOVER,705,WOODLANDS DRIVE 40,ADMIRALTY CLOVER,705 WOODLANDS DRIVE 40 ADMIRALTY CLOVER SINGAPORE 730705,730705,23864.51017884538,46826.46691821702,1.439756112269033,103.796157190366
ADMIRALTY CLOVER,706,WOODLANDS DRIVE 40,ADMIRALTY CLOVER,706 WOODLANDS DRIVE 40 ADMIRALTY CLOVER SINGAPORE 730706,730706,23923.45059978589,46828.93675542064,1.439778457204711,103.7966868267981
ADMIRALTY CLOVER,707,WOODLANDS DRIVE 40,ADMIRALTY CLOVER,707 WOODLANDS DRIVE 40 ADMIRALTY CLOVER SINGAPORE 730707,730707,23918.97811170761,46921.66087719239,1.440617019717227,103.7966466237498
ADMIRALTY CLOVER,708,WOODLANDS DRIVE 70,ADMIRALTY CLOVER,708 WOODLANDS DRIVE 70 ADMIRALTY CLOVER SINGAPORE 730708,730708,23999.40983019955,46859.8870097585,1.440058370964679,103.7973693897037
ADMIRALTY CLOVER,709,WOODLANDS DRIVE 70,ADMIRALTY CLOVER,709 WOODLANDS DRIVE 70 ADMIRALTY CLOVER SINGAPORE 730709,730709,24062.0832015723,46879.94908338599,1.440239813920284,103.7979325679513
ADMIRALTY CLOVER,710,WOODLANDS DRIVE 70,ADMIRALTY CLOVER,710 WOODLANDS DRIVE 70 ADMIRALTY CLOVER SINGAPORE 730710,730710,24005.07405960094,46939.32381962612,1.440776769333711,103.7974202770531
ADMIRALTY CLOVER,711,WOODLANDS DRIVE 70,ADMIRALTY CLOVER,711 WOODLANDS DRIVE 70 ADMIRALTY CLOVER SINGAPORE 730711,730711,24000.41018706188,46988.66205568053,1.441222965694044,103.797378360624
ADMIRALTY CLOVER,712,WOODLANDS DRIVE 70,ADMIRALTY CLOVER,712 WOODLANDS DRIVE 70 ADMIRALTY CLOVER SINGAPORE 730712,730712,23984.36655148771,47064.34493940324,1.441907411812507,103.7972341821407
ADMIRALTY CLOVER,713,WOODLANDS DRIVE 70,ADMIRALTY CLOVER,713 WOODLANDS DRIVE 70 ADMIRALTY CLOVER SINGAPORE 730713,730713,24048.67024726793,47069.5790002197,1.44195475589683,103.7978120129657
ADMIRALTY FLORA,691A,WOODLANDS DRIVE 73,ADMIRALTY FLORA,691A WOODLANDS DRIVE 73 ADMIRALTY FLORA SINGAPORE 731691,731691,25033.35952298064,46886.98968881182,1.440303606189265,103.806660428381
ADMIRALTY GROVE,693A,WOODLANDS AVENUE 6,ADMIRALTY GROVE,693A WOODLANDS AVENUE 6 ADMIRALTY GROVE SINGAPORE 731693,731693,24704.77513462305,46718.71607432328,1.438781764135034,103.8037077979702
ADMIRALTY GROVE,694A,WOODLANDS DRIVE 62,ADMIRALTY GROVE,694A WOODLANDS DRIVE 62 ADMIRALTY GROVE SINGAPORE 731694,731694,24781.32434857544,46748.5786789339,1.439051839554927,103.804395663183
ADMIRALTY CLOVER,701A,WOODLANDS DRIVE 40,ADMIRALTY CLOVER,701A WOODLANDS DRIVE 40 ADMIRALTY CLOVER SINGAPORE 731701,731701,23845.70035223942,46975.75826939754,1.441106246045674,103.7959881438697
ADMIRALTY CLOVER,709A,WOODLANDS DRIVE 70,ADMIRALTY CLOVER,709A WOODLANDS DRIVE 70 ADMIRALTY CLOVER SINGAPORE 731709,731709,24070.80749385897,46976.47204899043,1.441112733675648,103.7980109507445
ADMIRALTY CLOVER,711A,WOODLANDS DRIVE 40,ADMIRALTY CLOVER,711A WOODLANDS DRIVE 40 ADMIRALTY CLOVER SINGAPORE 731711,731711,23957.06713054143,46959.62382987328,1.440960348343984,103.796988885177
ADMIRALTY VISTA,717A,WOODLANDS DRIVE 70,ADMIRALTY VISTA,717A WOODLANDS DRIVE 70 ADMIRALTY VISTA SINGAPORE 731717,731717,24144.04999112617,46913.0022058934,1.44053874571164,103.7986691146255
ADMIRALTY FLORA,691B,WOODLANDS DRIVE 73,ADMIRALTY FLORA,691B WOODLANDS DRIVE 73 ADMIRALTY FLORA SINGAPORE 732691,732691,24947.89886979852,46886.54928964749,1.440299614205556,103.8058924814006
ADMIRALTY GROVE,693B,WOODLANDS AVENUE 6,ADMIRALTY GROVE,693B WOODLANDS AVENUE 6 ADMIRALTY GROVE SINGAPORE 732693,732693,24765.18164589163,46688.22922281548,1.438506059163868,103.8042506123035
ADMIRALTY GROVE,694B,WOODLANDS DRIVE 62,ADMIRALTY GROVE,694B WOODLANDS DRIVE 62 ADMIRALTY GROVE SINGAPORE 732694,732694,24845.99238007516,46758.24869437143,1.439139299001741,103.804976766892
ADMIRALTY VISTA,717B,WOODLANDS DRIVE 70,ADMIRALTY VISTA,717B WOODLANDS DRIVE 70 ADMIRALTY VISTA SINGAPORE 732717,732717,24129.98603302799,47004.94414242916,1.441370233150061,103.7985427236741
ADMIRALTY FLORA,691C,WOODLANDS DRIVE 73,ADMIRALTY FLORA,691C WOODLANDS DRIVE 73 ADMIRALTY FLORA SINGAPORE 733691,733691,24964.46296335198,46832.91321178153,1.439814550818754,103.8060413316488
ADMIRALTY GROVE,693C,WOODLANDS AVENUE 6,ADMIRALTY GROVE,693C WOODLANDS AVENUE 6 ADMIRALTY GROVE SINGAPORE 733693,733693,24785.13124369178,46643.28841023892,1.438099633087429,103.8044298837988
ADMIRALTY GROVE,694C,WOODLANDS DRIVE 62,ADMIRALTY GROVE,694C WOODLANDS DRIVE 62 ADMIRALTY GROVE SINGAPORE 733694,733694,24928.05469538551,46723.24313557521,1.438822730559244,103.8057141799792
ADMIRALTY VISTA,717C,WOODLANDS DRIVE 70,ADMIRALTY VISTA,717C WOODLANDS DRIVE 70 ADMIRALTY VISTA SINGAPORE 733717,733717,24145.71793863643,46958.6230189912,1.44095132395483,103.7986840965221
ADMIRALTY FLORA,691D,WOODLANDS DRIVE 73,ADMIRALTY FLORA,691D WOODLANDS DRIVE 73 ADMIRALTY FLORA SINGAPORE 734691,734691,24925.10356697347,46799.92634589039,1.439516225310158,103.805687652889
ADMIRALTY GROVE,693D,WOODLANDS AVENUE 6,ADMIRALTY GROVE,693D WOODLANDS AVENUE 6 ADMIRALTY GROVE SINGAPORE 734693,734693,24781.38585311826,46572.20287002809,1.437456760876831,103.8043962359519
ADMIRALTY GROVE,694D,WOODLANDS DRIVE 62,ADMIRALTY GROVE,694D WOODLANDS DRIVE 62 ADMIRALTY GROVE SINGAPORE 734694,734694,24858.72842119168,46698.90125985444,1.438602583811236,103.8050912191411
ADMIRALTY GROVE,693E,WOODLANDS AVENUE 6,ADMIRALTY GROVE,693E WOODLANDS AVENUE 6 ADMIRALTY GROVE SINGAPORE 735693,735693,24800.84622949734,46624.57235384732,1.43793037367291,103.8045711002007
ADMIRALTY GROVE,694E,WOODLANDS DRIVE 62,ADMIRALTY GROVE,694E WOODLANDS DRIVE 62 ADMIRALTY GROVE SINGAPORE 735694,735694,24839.32001494057,46685.27685341425,1.43847936745419,103.8049168174034
ADMIRALTY SECONDARY SCHOOL,31,WOODLANDS CRESCENT,ADMIRALTY SECONDARY SCHOOL,31 WOODLANDS CRESCENT ADMIRALTY SECONDARY SCHOOL SINGAPORE 737916,737916,24559.04729370121,47504.78735543787,1.445890689109919,103.8023981965959
ADMIRALTY MRT STATION (NS10),70,WOODLANDS AVENUE 7,ADMIRALTY MRT STATION (NS10),70 WOODLANDS AVENUE 7 ADMIRALTY MRT STATION (NS10) SINGAPORE 738344,738344,24402.38662679307,46918.50680194795,1.440588561618472,103.800990519771
ADMIRALTY PRIMARY SCHOOL,11,WOODLANDS CIRCLE,ADMIRALTY PRIMARY SCHOOL,11 WOODLANDS CIRCLE ADMIRALTY PRIMARY SCHOOL SINGAPORE 738907,738907,24296.62508559227,47144.77005947381,1.442634790331114,103.800040119743
ADMIRAX,8,ADMIRALTY STREET,ADMIRAX,8 ADMIRALTY STREET ADMIRAX SINGAPORE 757438,757438,26049.45773405675,49300.87676640041,1.462134011616305,103.8157908904883
ADMIRALTY INDUSTRIAL PARK,19,WOODLANDS INDUSTRIAL PARK E1,ADMIRALTY INDUSTRIAL PARK,19 WOODLANDS INDUSTRIAL PARK E1 ADMIRALTY INDUSTRIAL PARK SINGAPORE 757719,757719,23833.2189254025,48400.44493098184,1.453990590166309,103.7958757746615
ADMIRALTY INDUSTRIAL PARK,21,WOODLANDS INDUSTRIAL PARK E1,ADMIRALTY INDUSTRIAL PARK,21 WOODLANDS INDUSTRIAL PARK E1 ADMIRALTY INDUSTRIAL PARK SINGAPORE 757720,757720,23879.35038965382,48428.36581416987,1.45424310330804,103.7962903090298
ADMIRALTY INDUSTRIAL PARK,23,WOODLANDS INDUSTRIAL PARK E1,ADMIRALTY INDUSTRIAL PARK,23 WOODLANDS INDUSTRIAL PARK E1 ADMIRALTY INDUSTRIAL PARK SINGAPORE 757741,757741,23950.59907429758,48466.38297680952,1.454586927109963,103.7969305460474
ADMIRALTY INDUSTRIAL PARK,25,WOODLANDS INDUSTRIAL PARK E1,ADMIRALTY INDUSTRIAL PARK,25 WOODLANDS INDUSTRIAL PARK E1 ADMIRALTY INDUSTRIAL PARK SINGAPORE 757743,757743,23989.31939246785,48489.57911854424,1.454796710156884,103.7972784845546
ADORA GREEN,347,YISHUN AVENUE 11,ADORA GREEN,347 YISHUN AVENUE 11 ADORA GREEN SINGAPORE 760347,760347,29029.2778946897,45469.51095406711,1.427484580172333,103.8425675902319
ADORA GREEN,348,YISHUN AVENUE 11,ADORA GREEN,348 YISHUN AVENUE 11 ADORA GREEN SINGAPORE 760348,760348,29069.63292612415,45374.45023475587,1.426624883914493,103.8429302138656
ADORA GREEN,347A,YISHUN AVENUE 11,ADORA GREEN,347A YISHUN AVENUE 11 ADORA GREEN SINGAPORE 761347,761347,29041.45073943306,45519.78540912457,1.427939243713661,103.8426769763106
ADORA GREEN,348A,YISHUN AVENUE 11,ADORA GREEN,348A YISHUN AVENUE 11 ADORA GREEN SINGAPORE 761348,761348,28879.21991601773,45454.96988174133,1.427353081024063,103.8412191803693
ADORA GREEN,347B,YISHUN AVENUE 11,ADORA GREEN,347B YISHUN AVENUE 11 ADORA GREEN SINGAPORE 762347,762347,29008.08364713099,45470.67336571403,1.42749509336445,103.8423771404005
ADORA GREEN,348B,YISHUN AVENUE 11,ADORA GREEN,348B YISHUN AVENUE 11 ADORA GREEN SINGAPORE 762348,762348,28963.88558060769,45446.68268940784,1.427278131902198,103.8419799791741
ADORA GREEN,347C,YISHUN AVENUE 11,ADORA GREEN,347C YISHUN AVENUE 11 ADORA GREEN SINGAPORE 763347,763347,29047.68067744933,45553.6275271643,1.428245299356911,103.842732959307
ADORA GREEN,348C,YISHUN AVENUE 11,ADORA GREEN,348C YISHUN AVENUE 11 ADORA GREEN SINGAPORE 763348,763348,28991.85268300679,45431.56700967811,1.427141430197148,103.8422312888498
ADORA GREEN,348D,YISHUN AVENUE 11,ADORA GREEN,348D YISHUN AVENUE 11 ADORA GREEN SINGAPORE 764348,764348,29065.93175707571,45407.81478454731,1.426926620975583,103.8428969567047
ABUNDANT GRACE PRESBYTERIAN CHURCH,240,JALAN KAYU,ABUNDANT GRACE PRESBYTERIAN CHURCH,240 JALAN KAYU ABUNDANT GRACE PRESBYTERIAN CHURCH SINGAPORE 799464,799464,32479.14458738826,42157.31213171035,1.397529919691384,103.8735673079278
